{
	"__comment":"Designed by GeForceLegend",
	"parent":"item/display_handheld",
	"textures":{
		"particle":"item/mace",
		"layer0":"item/mace",
		"core":"item/heavy_core"
	},
	"elements":[
		{
			"from":[0,0,7.5],
			"to":[2,3,8.5],
			"faces":{
				"north":{"uv":[2,13,0,16],"texture":"#layer0"},
				"east":{"uv":[1,13,2,16],"texture":"#layer0"},
				"south":{"uv":[0,13,2,16],"texture":"#layer0"},
				"west":{"uv":[0,13,1,16],"texture":"#layer0"},
				"up":{"uv":[0,13,2,14],"texture":"#layer0"},
				"down":{"uv":[0,15,2,16],"texture":"#layer0"}
			}
		},
		{
			"from":[2,0,7.5],
			"to":[3,4,8.5],
			"faces":{
				"north":{"uv":[2,12,3,16],"texture":"#layer0"},
				"east":{"uv":[2,12,3,16],"texture":"#layer0"},
				"south":{"uv":[2,12,3,16],"texture":"#layer0"},
				"west":{"uv":[2,12,3,16],"texture":"#layer0"},
				"up":{"uv":[2,12,3,13],"texture":"#layer0"},
				"down":{"uv":[2,15,3,16],"texture":"#layer0"}
			}
		},
		{
			"from":[3,2,7.5],
			"to":[4,5,8.5],
			"faces":{
				"north":{"uv":[3,11,4,14],"texture":"#layer0"},
				"east":{"uv":[3,11,4,14],"texture":"#layer0"},
				"south":{"uv":[3,11,4,14],"texture":"#layer0"},
				"west":{"uv":[3,11,4,14],"texture":"#layer0"},
				"up":{"uv":[3,11,4,12],"texture":"#layer0"},
				"down":{"uv":[3,13,4,14],"texture":"#layer0"}
			}
		},
		{
			"from":[4,3,7.5],
			"to":[5,6,8.5],
			"faces":{
				"north":{"uv":[4,10,5,13],"texture":"#layer0"},
				"east":{"uv":[4,10,5,13],"texture":"#layer0"},
				"south":{"uv":[4,10,5,13],"texture":"#layer0"},
				"west":{"uv":[4,10,5,13],"texture":"#layer0"},
				"up":{"uv":[4,10,5,11],"texture":"#layer0"},
				"down":{"uv":[4,12,5,13],"texture":"#layer0"}
			}
		},
		{
			"from":[5,4,7.5],
			"to":[6,7,8.5],
			"faces":{
				"north":{"uv":[5,9,6,12],"texture":"#layer0"},
				"east":{"uv":[5,9,6,12],"texture":"#layer0"},
				"south":{"uv":[5,9,6,12],"texture":"#layer0"},
				"west":{"uv":[5,9,6,12],"texture":"#layer0"},
				"up":{"uv":[5,9,6,10],"texture":"#layer0"},
				"down":{"uv":[5,11,6,12],"texture":"#layer0"}
			}
		},
		{
			"from":[6,5,7.5],
			"to":[7,8,8.5],
			"faces":{
				"north":{"uv":[6,8,7,11],"texture":"#layer0"},
				"east":{"uv":[6,8,7,11],"texture":"#layer0"},
				"south":{"uv":[6,8,7,11],"texture":"#layer0"},
				"west":{"uv":[6,8,7,11],"texture":"#layer0"},
				"up":{"uv":[6,8,7,9],"texture":"#layer0"},
				"down":{"uv":[6,10,7,11],"texture":"#layer0"}
			}
		},
		{
			"from":[7,6,7.5],
			"to":[8,9,8.5],
			"faces":{
				"north":{"uv":[7,7,8,10],"texture":"#layer0"},
				"east":{"uv":[7,7,8,10],"texture":"#layer0"},
				"south":{"uv":[7,7,8,10],"texture":"#layer0"},
				"west":{"uv":[7,7,8,10],"texture":"#layer0"},
				"up":{"uv":[7,7,8,8],"texture":"#layer0"},
				"down":{"uv":[7,9,8,10],"texture":"#layer0"}
			}
		},
		{
			"from":[8,7,7.5],
			"to":[9,9,8.5],
			"faces":{
				"north":{"uv":[8,8,9,9],"texture":"#layer0"},
				"east":{"uv":[8,8,9,9],"texture":"#layer0"},
				"south":{"uv":[8,8,9,9],"texture":"#layer0"},
				"down":{"uv":[8,8,9,9],"texture":"#layer0"}
			}
		},
		{
			"from":[13,12,7.5],
			"to":[14,13,8.5],
			"faces":{
				"north":{"uv":[13,3,14,4],"texture":"#layer0"},
				"east":{"uv":[13,3,14,4],"texture":"#layer0"},
				"south":{"uv":[13,3,14,4],"texture":"#layer0"},
				"west":{"uv":[13,3,14,4],"texture":"#layer0"},
				"up":{"uv":[13,3,14,4],"texture":"#layer0"},
				"down":{"uv":[13,3,14,4],"texture":"#layer0"}
			}
		},
		{
			"from":[12,12,7.5],
			"to":[13,14,8.5],
			"faces":{
				"north":{"uv":[12,2,13,3],"texture":"#layer0"},
				"south":{"uv":[12,2,13,3],"texture":"#layer0"},
				"west":{"uv":[12,2,13,3],"texture":"#layer0"},
				"up":{"uv":[12,2,13,3],"texture":"#layer0"},
				"down":{"uv":[12,2,13,3],"texture":"#layer0"}
			}
		},
		{
			"from":[13,13,7],
			"to":[15,15,9],
			"faces":{
				"north":{"uv":[13,1,15,3],"texture":"#layer0"},
				"east":{"uv":[13,1,15,3],"texture":"#layer0"},
				"south":{"uv":[13,1,15,3],"texture":"#layer0"},
				"west":{"uv":[13,1,15,3],"texture":"#layer0"},
				"up":{"uv":[13,1,15,3],"texture":"#layer0"},
				"down":{"uv":[13,1,15,3],"texture":"#layer0"}
			}
		},
		{
			"from":[-4,11.85,7.5],
			"to":[4,14.85,10.5],
			"rotation":{"angle":-45,"axis":"z","origin":[0,0,0]},
			"faces":{
				"east":{"uv":[1,13,4,16],"texture":"#core"},
				"south":{"uv":[0,13,8,16],"texture":"#core"},
				"west":{"uv":[4,13,7,16],"texture":"#core"},
				"down":{"uv":[8,0,16,3],"texture":"#core"}
			}
		},
		{
			"from":[-4,11.85,5.5],
			"to":[4,14.85,7.5],
			"rotation":{"angle":-45,"axis":"z","origin":[0,0,0]},
			"faces":{
				"north":{"uv":[0,13,8,16],"texture":"#core"},
				"east":{"uv":[5,13,7,16],"texture":"#core"},
				"west":{"uv":[1,13,3,16],"texture":"#core"},
				"down":{"uv":[8,6,16,8],"texture":"#core"}
			}
		},
		{
			"from":[-4,14.85,7.5],
			"to":[4,17.85,10.5],
			"rotation":{"angle":-45,"axis":"z","origin":[0,0,0]},
			"faces":{
				"east":{"uv":[1,8,4,11],"texture":"#core"},
				"south":{"uv":[0,8,8,11],"texture":"#core"},
				"west":{"uv":[4,8,7,11],"texture":"#core"},
				"up":{"uv":[0,5,8,8],"texture":"#core"}
			}
		},
		{
			"from":[-4,14.85,5.5],
			"to":[4,17.85,7.5],
			"rotation":{"angle":-45,"axis":"z","origin":[0,0,0]},
			"faces":{
				"north":{"uv":[0,8,8,11],"texture":"#core"},
				"east":{"uv":[5,8,7,11],"texture":"#core"},
				"west":{"uv":[1,8,3,11],"texture":"#core"},
				"up":{"uv":[0,0,8,2],"texture":"#core"}
			}
		}
	],
	"display":{
		"thirdperson_righthand":{
			"rotation":[0,-90,55],
			"translation":[0,4,1]
		},
		"thirdperson_lefthand":{
			"rotation":[0,90,-55],
			"translation":[0,4,1]
		},
		"firstperson_righthand":{
			"rotation":[0,-90,25],
			"translation":[0,3,0.8],
			"scale":[0.9,0.9,0.9]
		},
		"firstperson_lefthand":{
			"rotation":[0,90,-25],
			"translation":[0,3,0.8],
			"scale":[0.9,0.9,0.9]
		}
	}
}