{
	"credit": "Made with Blockbench",
	"textures": {
		"0": "block/crimson_stem",
		"1": "block/crimson_stem_top",
		"2": "block/crimson_stem_h",
		"particle": "block/crimson_stem"
	},
	"elements": [
		{
			"from": [0, 0, 0],
			"to": [16, 16, 16],
			"faces": {
				"north": {"uv": [0, 0, 16, 16], "texture": "#0", "cullface": "north"},
				"east": {"uv": [0, 0, 16, 16], "texture": "#0", "cullface": "east"},
				"south": {"uv": [0, 0, 16, 16], "texture": "#0", "cullface": "south"},
				"west": {"uv": [0, 0, 16, 16], "texture": "#0", "cullface": "west"},
				"up": {"uv": [0, 0, 16, 16], "texture": "#1", "cullface": "up"},
				"down": {"uv": [0, 0, 16, 16], "texture": "#1", "cullface": "down"}
			}
		},
		{
			"from": [8, -5, 15],
			"to": [12, -1, 21],
			"rotation": {"angle": -22.5, "axis": "x", "origin": [0, 0, 0]},
			"faces": {
				"north": {"uv": [0, 0, 4, 4], "texture": "#missing"},
				"east": {"uv": [0, 6, 6, 10], "texture": "#2"},
				"south": {"uv": [6, 6, 10, 10], "texture": "#1"},
				"west": {"uv": [0, 6, 6, 10], "texture": "#2"},
				"up": {"uv": [0, 6, 6, 10], "rotation": 270, "texture": "#2"},
				"down": {"uv": [0, 6, 6, 10], "rotation": 90, "texture": "#2"}
			}
		}
	],
	"display": {
		"thirdperson_righthand": {
			"scale": [0.3, 0.3, 0.3]
		},
		"thirdperson_lefthand": {
			"scale": [0.3, 0.3, 0.3]
		},
		"firstperson_righthand": {
			"rotation": [0, -41, 0],
			"translation": [1, 0.25, 0],
			"scale": [0.53, 0.32, 0.44]
		},
		"firstperson_lefthand": {
			"rotation": [0, -41, 0],
			"translation": [1, 0.25, 0],
			"scale": [0.53, 0.32, 0.44]
		},
		"ground": {
			"translation": [0, 0.25, 0],
			"scale": [0.25, 0.25, 0.25]
		},
		"gui": {
			"rotation": [30, -45, 0],
			"scale": [0.65, 0.65, 0.65]
		},
		"fixed": {
			"scale": [0.6, 0.6, 0.6]
		}
	}
}