{
	"credit": "Made with Blockbench",
	"ambientocclusion": false,
	"textures": {
		"0": "block/hanging_roots",
		"particle": "block/hanging_roots"
	},
	"elements": [
		{
			"from": [0.8, 0, 8],
			"to": [15.2, 16, 8],
			"shade": false,
			"rotation": {"angle": 45, "axis": "y", "origin": [8, 8, 8], "rescale": true},
			"faces": {
				"north": {"uv": [0, 0, 16, 16], "texture": "#0"},
				"south": {"uv": [0, 0, 16, 16], "texture": "#0"}
			}
		},
		{
			"from": [0.81776, -13.00085, 16.00041],
			"to": [15.21776, 2.99915, 16.00041],
			"shade": false,
			"rotation": {"angle": -45, "axis": "x", "origin": [5.01776, -5.00085, 8.00041], "rescale": true},
			"faces": {
				"north": {"uv": [0, 0, 16, 16], "texture": "#0"},
				"south": {"uv": [0, 0, 16, 16], "texture": "#0"}
			}
		},
		{
			"from": [0.81776, -4.99992, 0.00008],
			"to": [15.21776, 11.00008, 0.00008],
			"shade": false,
			"rotation": {"angle": 45, "axis": "x", "origin": [5.01776, 3.00008, 0.00008], "rescale": true},
			"faces": {
				"north": {"uv": [0, 0, 16, 16], "texture": "#0"},
				"south": {"uv": [0, 0, 16, 16], "texture": "#0"}
			}
		},
		{
			"from": [16.00039, -10.00088, 0.81776],
			"to": [16.00039, 5.99912, 15.21776],
			"shade": false,
			"rotation": {"angle": 45, "axis": "z", "origin": [11.00039, -2.00088, 5.01776], "rescale": true},
			"faces": {
				"east": {"uv": [0, 0, 16, 16], "texture": "#0"},
				"west": {"uv": [0, 0, 16, 16], "texture": "#0"}
			}
		},
		{
			"from": [0.00004, -8.99988, 0.81776],
			"to": [0.00004, 7.00012, 15.21776],
			"shade": false,
			"rotation": {"angle": -45, "axis": "z", "origin": [4.00004, -0.99988, 5.01776], "rescale": true},
			"faces": {
				"east": {"uv": [0, 0, 16, 16], "texture": "#0"},
				"west": {"uv": [0, 0, 16, 16], "texture": "#0"}
			}
		},
		{
			"from": [8, 0, 0.8],
			"to": [8, 16, 15.2],
			"shade": false,
			"rotation": {"angle": 45, "axis": "y", "origin": [8, 8, 8], "rescale": true},
			"faces": {
				"east": {"uv": [0, 0, 16, 16], "texture": "#0"},
				"west": {"uv": [0, 0, 16, 16], "texture": "#0"}
			}
		}
	],
	"display": {
		"thirdperson_righthand": {
			"scale": [0.3, 0.3, 0.3]
		},
		"thirdperson_lefthand": {
			"scale": [0.3, 0.3, 0.3]
		},
		"firstperson_righthand": {
			"scale": [0.3, 0.3, 0.2]
		},
		"firstperson_lefthand": {
			"scale": [0.3, 0.3, 0.2]
		},
		"ground": {
			"scale": [0.2, 0.2, 0.2]
		},
		"gui": {
			"rotation": [62, -11, 0],
			"translation": [0, 2.5, 0],
			"scale": [0.6, 0.6, 0.6]
		},
		"fixed": {
			"scale": [0.6, 0.6, 0.6]
		}
	}
}