{
	"credit": "Made with Blockbench",
	"textures": {
		"0": "block/mycelium_side",
		"1": "block/mycelium_top",
		"2": "block/dirt",
		"3": "block/small_mushrooms",
		"4": "block/mushroom_stem",
		"5": "block/mushroom_block_inside",
		"particle": "block/dirt"
	},
	"elements": [
		{
			"from": [0, 0, 0],
			"to": [16, 16, 16],
			"faces": {
				"north": {"uv": [0, 0, 16, 16], "texture": "#0"},
				"east": {"uv": [0, 0, 16, 16], "texture": "#0"},
				"south": {"uv": [0, 0, 16, 16], "texture": "#0"},
				"west": {"uv": [0, 0, 16, 16], "texture": "#0"},
				"up": {"uv": [0, 0, 16, 16], "texture": "#1"},
				"down": {"uv": [0, 0, 16, 16], "texture": "#2"}
			}
		},
		{
			"from": [6.75, 16, 6.75],
			"to": [8.25, 20, 8.25],
			"rotation": {"angle": 0, "axis": "y", "origin": [7, 16, 7]},
			"faces": {
				"north": {"uv": [10, 2, 11.5, 6], "texture": "#4"},
				"east": {"uv": [10, 2, 11.5, 6], "texture": "#4"},
				"south": {"uv": [10, 2, 11.5, 6], "texture": "#4"},
				"west": {"uv": [10, 2, 11.5, 6], "texture": "#4"},
				"up": {"uv": [0, 0, 1.5, 1.5], "texture": "#missing"},
				"down": {"uv": [0, 0, 1.5, 1.5], "texture": "#missing"}
			}
		},
		{
			"from": [4, 20, 4],
			"to": [11, 24, 11],
			"rotation": {"angle": 0, "axis": "y", "origin": [4, 20, 4]},
			"faces": {
				"north": {"uv": [0, 0, 3.5, 2], "texture": "#3"},
				"east": {"uv": [0, 0, 3.5, 2], "texture": "#3"},
				"south": {"uv": [0, 0, 3.5, 2], "texture": "#3"},
				"west": {"uv": [0, 0, 3.5, 2], "texture": "#3"},
				"up": {"uv": [4, 0, 7.5, 3.5], "texture": "#3"},
				"down": {"uv": [0, 0, 7, 7], "texture": "#5"}
			}
		}
	],
	"display": {
		"thirdperson_righthand": {
			"scale": [0.3, 0.3, 0.3]
		},
		"thirdperson_lefthand": {
			"scale": [0.3, 0.3, 0.3]
		},
		"firstperson_righthand": {
			"rotation": [0, -41, 0],
			"translation": [1, 0.25, 0],
			"scale": [0.53, 0.32, 0.44]
		},
		"firstperson_lefthand": {
			"rotation": [0, -41, 0],
			"translation": [1, 0.25, 0],
			"scale": [0.53, 0.32, 0.44]
		},
		"ground": {
			"translation": [0, 0.25, 0],
			"scale": [0.25, 0.25, 0.25]
		},
		"gui": {
			"rotation": [30, -45, 0],
			"scale": [0.65, 0.65, 0.65]
		},
		"fixed": {
			"scale": [0.6, 0.6, 0.6]
		}
	}
}