{
	"credit": "Made with Blockbench",
	"ambientocclusion": false,
	"textures": {
		"0": "block/sculk_grass",
		"1": "block/sculk",
		"particle": "block/sculk"
	},
	"elements": [
		{
			"from": [14, 16, 8],
			"to": [15, 26, 8],
			"shade": false,
			"rotation": {"angle": 45, "axis": "y", "origin": [8, 8, 8], "rescale": true},
			"faces": {
				"north": {"uv": [14, 6, 15, 16], "texture": "#0"},
				"east": {"uv": [14, 6, 15, 16], "texture": "#0"},
				"south": {"uv": [14, 6, 15, 16], "texture": "#0"},
				"west": {"uv": [14, 6, 15, 16], "texture": "#0"},
				"up": {"uv": [14, 6, 15, 16], "texture": "#0"},
				"down": {"uv": [14, 6, 15, 16], "texture": "#0"}
			}
		},
		{
			"from": [15, 20, 8],
			"to": [16, 23, 8],
			"shade": false,
			"rotation": {"angle": 45, "axis": "y", "origin": [8, 8, 8], "rescale": true},
			"faces": {
				"north": {"uv": [15, 9, 16, 12], "texture": "#0"},
				"east": {"uv": [15, 9, 16, 12], "texture": "#0"},
				"south": {"uv": [15, 9, 16, 12], "texture": "#0"},
				"west": {"uv": [15, 9, 16, 12], "texture": "#0"},
				"up": {"uv": [15, 9, 16, 12], "texture": "#0"},
				"down": {"uv": [15, 9, 16, 12], "texture": "#0"}
			}
		},
		{
			"from": [13, 22, 8],
			"to": [14, 24, 8],
			"shade": false,
			"rotation": {"angle": 45, "axis": "y", "origin": [8, 8, 8], "rescale": true},
			"faces": {
				"north": {"uv": [13, 8, 14, 10], "texture": "#0"},
				"east": {"uv": [13, 8, 14, 10], "texture": "#0"},
				"south": {"uv": [13, 8, 14, 10], "texture": "#0"},
				"west": {"uv": [13, 8, 14, 10], "texture": "#0"},
				"up": {"uv": [13, 8, 14, 10], "texture": "#0"},
				"down": {"uv": [13, 8, 14, 10], "texture": "#0"}
			}
		},
		{
			"from": [13, 16, 8],
			"to": [14, 20, 8],
			"shade": false,
			"rotation": {"angle": 45, "axis": "y", "origin": [8, 8, 8], "rescale": true},
			"faces": {
				"north": {"uv": [13, 12, 14, 16], "texture": "#0"},
				"east": {"uv": [13, 12, 14, 16], "texture": "#0"},
				"south": {"uv": [13, 12, 14, 16], "texture": "#0"},
				"west": {"uv": [13, 12, 14, 16], "texture": "#0"},
				"up": {"uv": [13, 12, 14, 16], "texture": "#0"},
				"down": {"uv": [13, 12, 14, 16], "texture": "#0"}
			}
		},
		{
			"from": [12, 18, 8],
			"to": [13, 29, 8],
			"shade": false,
			"rotation": {"angle": 45, "axis": "y", "origin": [8, 8, 8], "rescale": true},
			"faces": {
				"north": {"uv": [12, 3, 13, 14], "texture": "#0"},
				"east": {"uv": [12, 3, 13, 14], "texture": "#0"},
				"south": {"uv": [12, 3, 13, 14], "texture": "#0"},
				"west": {"uv": [12, 3, 13, 14], "texture": "#0"},
				"up": {"uv": [12, 3, 13, 14], "texture": "#0"},
				"down": {"uv": [12, 3, 13, 14], "texture": "#0"}
			}
		},
		{
			"from": [11, 16, 8],
			"to": [12, 22, 8],
			"shade": false,
			"rotation": {"angle": 45, "axis": "y", "origin": [8, 8, 8], "rescale": true},
			"faces": {
				"north": {"uv": [11, 10, 12, 16], "texture": "#0"},
				"east": {"uv": [11, 10, 12, 16], "texture": "#0"},
				"south": {"uv": [11, 10, 12, 16], "texture": "#0"},
				"west": {"uv": [11, 10, 12, 16], "texture": "#0"},
				"up": {"uv": [11, 10, 12, 16], "texture": "#0"},
				"down": {"uv": [11, 10, 12, 16], "texture": "#0"}
			}
		},
		{
			"from": [10, 16, 8],
			"to": [11, 20, 8],
			"shade": false,
			"rotation": {"angle": 45, "axis": "y", "origin": [8, 8, 8], "rescale": true},
			"faces": {
				"north": {"uv": [10, 12, 11, 16], "texture": "#0"},
				"east": {"uv": [10, 12, 11, 16], "texture": "#0"},
				"south": {"uv": [10, 12, 11, 16], "texture": "#0"},
				"west": {"uv": [10, 12, 11, 16], "texture": "#0"},
				"up": {"uv": [10, 12, 11, 16], "texture": "#0"},
				"down": {"uv": [10, 12, 11, 16], "texture": "#0"}
			}
		},
		{
			"from": [9, 19, 8],
			"to": [10, 30, 8],
			"shade": false,
			"rotation": {"angle": 45, "axis": "y", "origin": [8, 8, 8], "rescale": true},
			"faces": {
				"north": {"uv": [9, 2, 10, 13], "texture": "#0"},
				"east": {"uv": [9, 2, 10, 13], "texture": "#0"},
				"south": {"uv": [9, 2, 10, 13], "texture": "#0"},
				"west": {"uv": [9, 2, 10, 13], "texture": "#0"},
				"up": {"uv": [9, 2, 10, 13], "texture": "#0"},
				"down": {"uv": [9, 2, 10, 13], "texture": "#0"}
			}
		},
		{
			"from": [8, 17, 8],
			"to": [9, 25, 8],
			"shade": false,
			"rotation": {"angle": 45, "axis": "y", "origin": [8, 8, 8], "rescale": true},
			"faces": {
				"north": {"uv": [8, 7, 9, 15], "texture": "#0"},
				"east": {"uv": [8, 7, 9, 15], "texture": "#0"},
				"south": {"uv": [12, 6, 13, 14], "texture": "#0"},
				"west": {"uv": [8, 7, 9, 15], "texture": "#0"},
				"up": {"uv": [8, 7, 9, 15], "texture": "#0"},
				"down": {"uv": [8, 7, 9, 15], "texture": "#0"}
			}
		},
		{
			"from": [7, 16, 8],
			"to": [8, 19, 8],
			"shade": false,
			"rotation": {"angle": 45, "axis": "y", "origin": [8, 8, 8], "rescale": true},
			"faces": {
				"north": {"uv": [7, 13, 8, 16], "texture": "#0"},
				"east": {"uv": [7, 13, 8, 16], "texture": "#0"},
				"south": {"uv": [7, 13, 8, 16], "texture": "#0"},
				"west": {"uv": [7, 13, 8, 16], "texture": "#0"},
				"up": {"uv": [7, 13, 8, 16], "texture": "#0"},
				"down": {"uv": [7, 13, 8, 16], "texture": "#0"}
			}
		},
		{
			"from": [6, 16, 8],
			"to": [7, 20, 8],
			"shade": false,
			"rotation": {"angle": 45, "axis": "y", "origin": [8, 8, 8], "rescale": true},
			"faces": {
				"north": {"uv": [6, 12, 7, 16], "texture": "#0"},
				"east": {"uv": [6, 12, 7, 16], "texture": "#0"},
				"south": {"uv": [6, 12, 7, 16], "texture": "#0"},
				"west": {"uv": [6, 12, 7, 16], "texture": "#0"},
				"up": {"uv": [6, 12, 7, 16], "texture": "#0"},
				"down": {"uv": [6, 12, 7, 16], "texture": "#0"}
			}
		},
		{
			"from": [3, 16, 8],
			"to": [4, 19, 8],
			"shade": false,
			"rotation": {"angle": 45, "axis": "y", "origin": [8, 8, 8], "rescale": true},
			"faces": {
				"north": {"uv": [3, 13, 4, 16], "texture": "#0"},
				"east": {"uv": [3, 13, 4, 16], "texture": "#0"},
				"south": {"uv": [3, 13, 4, 16], "texture": "#0"},
				"west": {"uv": [3, 13, 4, 16], "texture": "#0"},
				"up": {"uv": [3, 13, 4, 16], "texture": "#0"},
				"down": {"uv": [3, 13, 4, 16], "texture": "#0"}
			}
		},
		{
			"from": [3, 21, 8],
			"to": [4, 28, 8],
			"shade": false,
			"rotation": {"angle": 45, "axis": "y", "origin": [8, 8, 8], "rescale": true},
			"faces": {
				"north": {"uv": [3, 4, 4, 11], "texture": "#0"},
				"east": {"uv": [3, 4, 4, 11], "texture": "#0"},
				"south": {"uv": [3, 4, 4, 11], "texture": "#0"},
				"west": {"uv": [3, 4, 4, 11], "texture": "#0"},
				"up": {"uv": [3, 4, 4, 11], "texture": "#0"},
				"down": {"uv": [3, 4, 4, 11], "texture": "#0"}
			}
		},
		{
			"from": [1, 19, 8],
			"to": [2, 26, 8],
			"shade": false,
			"rotation": {"angle": 45, "axis": "y", "origin": [8, 8, 8], "rescale": true},
			"faces": {
				"north": {"uv": [1, 6, 2, 13], "texture": "#0"},
				"east": {"uv": [1, 6, 2, 13], "texture": "#0"},
				"south": {"uv": [1, 6, 2, 13], "texture": "#0"},
				"west": {"uv": [1, 6, 2, 13], "texture": "#0"},
				"up": {"uv": [1, 6, 2, 13], "texture": "#0"},
				"down": {"uv": [1, 6, 2, 13], "texture": "#0"}
			}
		},
		{
			"from": [1, 16, 8],
			"to": [2, 17, 8],
			"shade": false,
			"rotation": {"angle": 45, "axis": "y", "origin": [8, 8, 8], "rescale": true},
			"faces": {
				"north": {"uv": [1, 15, 2, 16], "texture": "#0"},
				"east": {"uv": [1, 15, 2, 16], "texture": "#0"},
				"south": {"uv": [1, 15, 2, 16], "texture": "#0"},
				"west": {"uv": [1, 15, 2, 16], "texture": "#0"},
				"up": {"uv": [1, 15, 2, 16], "texture": "#0"},
				"down": {"uv": [1, 15, 2, 16], "texture": "#0"}
			}
		},
		{
			"from": [5, 16, 8],
			"to": [6, 22, 8],
			"shade": false,
			"rotation": {"angle": 45, "axis": "y", "origin": [8, 8, 8], "rescale": true},
			"faces": {
				"north": {"uv": [5, 10, 6, 16], "texture": "#0"},
				"east": {"uv": [5, 10, 6, 16], "texture": "#0"},
				"south": {"uv": [5, 10, 6, 16], "texture": "#0"},
				"west": {"uv": [5, 10, 6, 16], "texture": "#0"},
				"up": {"uv": [5, 10, 6, 16], "texture": "#0"},
				"down": {"uv": [5, 10, 6, 16], "texture": "#0"}
			}
		},
		{
			"from": [5, 24, 8],
			"to": [6, 29, 8],
			"shade": false,
			"rotation": {"angle": 45, "axis": "y", "origin": [8, 8, 8], "rescale": true},
			"faces": {
				"north": {"uv": [5, 3, 6, 8], "texture": "#0"},
				"east": {"uv": [5, 3, 6, 8], "texture": "#0"},
				"south": {"uv": [5, 3, 6, 8], "texture": "#0"},
				"west": {"uv": [5, 3, 6, 8], "texture": "#0"},
				"up": {"uv": [5, 3, 6, 8], "texture": "#0"},
				"down": {"uv": [5, 3, 6, 8], "texture": "#0"}
			}
		},
		{
			"from": [4, 19, 8],
			"to": [5, 24, 8],
			"shade": false,
			"rotation": {"angle": 45, "axis": "y", "origin": [8, 8, 8], "rescale": true},
			"faces": {
				"north": {"uv": [4, 8, 5, 13], "texture": "#0"},
				"east": {"uv": [4, 8, 5, 13], "texture": "#0"},
				"south": {"uv": [4, 8, 5, 13], "texture": "#0"},
				"west": {"uv": [4, 8, 5, 13], "texture": "#0"},
				"up": {"uv": [4, 8, 5, 13], "texture": "#0"},
				"down": {"uv": [4, 8, 5, 13], "texture": "#0"}
			}
		},
		{
			"from": [2, 16, 8],
			"to": [3, 21, 8],
			"shade": false,
			"rotation": {"angle": 45, "axis": "y", "origin": [8, 8, 8], "rescale": true},
			"faces": {
				"north": {"uv": [2, 11, 3, 16], "texture": "#0"},
				"east": {"uv": [2, 11, 3, 16], "texture": "#0"},
				"south": {"uv": [2, 11, 3, 16], "texture": "#0"},
				"west": {"uv": [2, 11, 3, 16], "texture": "#0"},
				"up": {"uv": [2, 11, 3, 16], "texture": "#0"},
				"down": {"uv": [2, 11, 3, 16], "texture": "#0"}
			}
		},
		{
			"from": [6, 22, 8],
			"to": [7, 27, 8],
			"shade": false,
			"rotation": {"angle": 45, "axis": "y", "origin": [8, 8, 8], "rescale": true},
			"faces": {
				"north": {"uv": [6, 5, 7, 10], "texture": "#0"},
				"east": {"uv": [6, 5, 7, 10], "texture": "#0"},
				"south": {"uv": [6, 5, 7, 10], "texture": "#0"},
				"west": {"uv": [6, 5, 7, 10], "texture": "#0"},
				"up": {"uv": [6, 5, 7, 10], "texture": "#0"},
				"down": {"uv": [6, 5, 7, 10], "texture": "#0"}
			}
		},
		{
			"from": [7, 22, 8],
			"to": [8, 24, 8],
			"shade": false,
			"rotation": {"angle": 45, "axis": "y", "origin": [8, 8, 8], "rescale": true},
			"faces": {
				"north": {"uv": [7, 8, 8, 10], "texture": "#0"},
				"east": {"uv": [7, 8, 8, 10], "texture": "#0"},
				"south": {"uv": [7, 8, 8, 10], "texture": "#0"},
				"west": {"uv": [7, 8, 8, 10], "texture": "#0"},
				"up": {"uv": [7, 8, 8, 10], "texture": "#0"},
				"down": {"uv": [7, 8, 8, 10], "texture": "#0"}
			}
		},
		{
			"from": [0, 21, 8],
			"to": [1, 23, 8],
			"shade": false,
			"rotation": {"angle": 45, "axis": "y", "origin": [8, 8, 8], "rescale": true},
			"faces": {
				"north": {"uv": [0, 9, 1, 11], "texture": "#0"},
				"east": {"uv": [0, 9, 1, 11], "texture": "#0"},
				"south": {"uv": [0, 9, 1, 11], "texture": "#0"},
				"west": {"uv": [0, 9, 1, 11], "texture": "#0"},
				"up": {"uv": [0, 9, 1, 11], "texture": "#0"},
				"down": {"uv": [0, 9, 1, 11], "texture": "#0"}
			}
		},
		{
			"from": [9, 16, 8],
			"to": [10, 17, 8],
			"shade": false,
			"rotation": {"angle": 45, "axis": "y", "origin": [8, 8, 8], "rescale": true},
			"faces": {
				"north": {"uv": [9, 15, 10, 16], "texture": "#0"},
				"east": {"uv": [9, 15, 10, 16], "texture": "#0"},
				"south": {"uv": [9, 15, 10, 16], "texture": "#0"},
				"west": {"uv": [9, 15, 10, 16], "texture": "#0"},
				"up": {"uv": [9, 15, 10, 16], "texture": "#0"},
				"down": {"uv": [9, 15, 10, 16], "texture": "#0"}
			}
		},
		{
			"from": [11, 24, 8],
			"to": [12, 27, 8],
			"shade": false,
			"rotation": {"angle": 45, "axis": "y", "origin": [8, 8, 8], "rescale": true},
			"faces": {
				"north": {"uv": [11, 5, 12, 8], "texture": "#0"},
				"east": {"uv": [11, 5, 12, 8], "texture": "#0"},
				"south": {"uv": [11, 5, 12, 8], "texture": "#0"},
				"west": {"uv": [11, 5, 12, 8], "texture": "#0"},
				"up": {"uv": [11, 5, 12, 8], "texture": "#0"},
				"down": {"uv": [11, 5, 12, 8], "texture": "#0"}
			}
		},
		{
			"from": [14, 16, 8],
			"to": [15, 26, 8],
			"shade": false,
			"rotation": {"angle": -45, "axis": "y", "origin": [8, 8, 8], "rescale": true},
			"faces": {
				"north": {"uv": [14, 6, 15, 16], "texture": "#0"},
				"east": {"uv": [14, 6, 15, 16], "texture": "#0"},
				"south": {"uv": [14, 6, 15, 16], "texture": "#0"},
				"west": {"uv": [14, 6, 15, 16], "texture": "#0"},
				"up": {"uv": [14, 6, 15, 16], "texture": "#0"},
				"down": {"uv": [14, 6, 15, 16], "texture": "#0"}
			}
		},
		{
			"from": [15, 20, 8],
			"to": [16, 23, 8],
			"shade": false,
			"rotation": {"angle": -45, "axis": "y", "origin": [8, 8, 8], "rescale": true},
			"faces": {
				"north": {"uv": [15, 9, 16, 12], "texture": "#0"},
				"east": {"uv": [15, 9, 16, 12], "texture": "#0"},
				"south": {"uv": [15, 9, 16, 12], "texture": "#0"},
				"west": {"uv": [15, 9, 16, 12], "texture": "#0"},
				"up": {"uv": [15, 9, 16, 12], "texture": "#0"},
				"down": {"uv": [15, 9, 16, 12], "texture": "#0"}
			}
		},
		{
			"from": [13, 22, 8],
			"to": [14, 24, 8],
			"shade": false,
			"rotation": {"angle": -45, "axis": "y", "origin": [8, 8, 8], "rescale": true},
			"faces": {
				"north": {"uv": [13, 8, 14, 10], "texture": "#0"},
				"east": {"uv": [13, 8, 14, 10], "texture": "#0"},
				"south": {"uv": [13, 8, 14, 10], "texture": "#0"},
				"west": {"uv": [13, 8, 14, 10], "texture": "#0"},
				"up": {"uv": [13, 8, 14, 10], "texture": "#0"},
				"down": {"uv": [13, 8, 14, 10], "texture": "#0"}
			}
		},
		{
			"from": [13, 16, 8],
			"to": [14, 20, 8],
			"shade": false,
			"rotation": {"angle": -45, "axis": "y", "origin": [8, 8, 8], "rescale": true},
			"faces": {
				"north": {"uv": [13, 12, 14, 16], "texture": "#0"},
				"east": {"uv": [13, 12, 14, 16], "texture": "#0"},
				"south": {"uv": [13, 12, 14, 16], "texture": "#0"},
				"west": {"uv": [13, 12, 14, 16], "texture": "#0"},
				"up": {"uv": [13, 12, 14, 16], "texture": "#0"},
				"down": {"uv": [13, 12, 14, 16], "texture": "#0"}
			}
		},
		{
			"from": [12, 18, 8],
			"to": [13, 29, 8],
			"shade": false,
			"rotation": {"angle": -45, "axis": "y", "origin": [8, 8, 8], "rescale": true},
			"faces": {
				"north": {"uv": [12, 3, 13, 14], "texture": "#0"},
				"east": {"uv": [12, 3, 13, 14], "texture": "#0"},
				"south": {"uv": [12, 3, 13, 14], "texture": "#0"},
				"west": {"uv": [12, 3, 13, 14], "texture": "#0"},
				"up": {"uv": [12, 3, 13, 14], "texture": "#0"},
				"down": {"uv": [12, 3, 13, 14], "texture": "#0"}
			}
		},
		{
			"from": [11, 16, 8],
			"to": [12, 22, 8],
			"shade": false,
			"rotation": {"angle": -45, "axis": "y", "origin": [8, 8, 8], "rescale": true},
			"faces": {
				"north": {"uv": [11, 10, 12, 16], "texture": "#0"},
				"east": {"uv": [11, 10, 12, 16], "texture": "#0"},
				"south": {"uv": [11, 10, 12, 16], "texture": "#0"},
				"west": {"uv": [11, 10, 12, 16], "texture": "#0"},
				"up": {"uv": [11, 10, 12, 16], "texture": "#0"},
				"down": {"uv": [11, 10, 12, 16], "texture": "#0"}
			}
		},
		{
			"from": [10, 16, 8],
			"to": [11, 20, 8],
			"shade": false,
			"rotation": {"angle": -45, "axis": "y", "origin": [8, 8, 8], "rescale": true},
			"faces": {
				"north": {"uv": [10, 12, 11, 16], "texture": "#0"},
				"east": {"uv": [10, 12, 11, 16], "texture": "#0"},
				"south": {"uv": [10, 12, 11, 16], "texture": "#0"},
				"west": {"uv": [10, 12, 11, 16], "texture": "#0"},
				"up": {"uv": [10, 12, 11, 16], "texture": "#0"},
				"down": {"uv": [10, 12, 11, 16], "texture": "#0"}
			}
		},
		{
			"from": [9, 19, 8],
			"to": [10, 30, 8],
			"shade": false,
			"rotation": {"angle": -45, "axis": "y", "origin": [8, 8, 8], "rescale": true},
			"faces": {
				"north": {"uv": [9, 2, 10, 13], "texture": "#0"},
				"east": {"uv": [9, 2, 10, 13], "texture": "#0"},
				"south": {"uv": [9, 2, 10, 13], "texture": "#0"},
				"west": {"uv": [9, 2, 10, 13], "texture": "#0"},
				"up": {"uv": [9, 2, 10, 13], "texture": "#0"},
				"down": {"uv": [9, 2, 10, 13], "texture": "#0"}
			}
		},
		{
			"from": [8, 17, 8],
			"to": [9, 25, 8],
			"shade": false,
			"rotation": {"angle": -45, "axis": "y", "origin": [8, 8, 8], "rescale": true},
			"faces": {
				"north": {"uv": [8, 7, 9, 15], "texture": "#0"},
				"east": {"uv": [8, 7, 9, 15], "texture": "#0"},
				"south": {"uv": [9, 2, 10, 10], "texture": "#0"},
				"west": {"uv": [8, 7, 9, 15], "texture": "#0"},
				"up": {"uv": [8, 7, 9, 15], "texture": "#0"},
				"down": {"uv": [8, 7, 9, 15], "texture": "#0"}
			}
		},
		{
			"from": [7, 16, 8],
			"to": [8, 19, 8],
			"shade": false,
			"rotation": {"angle": -45, "axis": "y", "origin": [8, 8, 8], "rescale": true},
			"faces": {
				"north": {"uv": [7, 13, 8, 16], "texture": "#0"},
				"east": {"uv": [7, 13, 8, 16], "texture": "#0"},
				"south": {"uv": [7, 13, 8, 16], "texture": "#0"},
				"west": {"uv": [7, 13, 8, 16], "texture": "#0"},
				"up": {"uv": [7, 13, 8, 16], "texture": "#0"},
				"down": {"uv": [7, 13, 8, 16], "texture": "#0"}
			}
		},
		{
			"from": [6, 16, 8],
			"to": [7, 20, 8],
			"shade": false,
			"rotation": {"angle": -45, "axis": "y", "origin": [8, 8, 8], "rescale": true},
			"faces": {
				"north": {"uv": [6, 12, 7, 16], "texture": "#0"},
				"east": {"uv": [6, 12, 7, 16], "texture": "#0"},
				"south": {"uv": [6, 12, 7, 16], "texture": "#0"},
				"west": {"uv": [6, 12, 7, 16], "texture": "#0"},
				"up": {"uv": [6, 12, 7, 16], "texture": "#0"},
				"down": {"uv": [6, 12, 7, 16], "texture": "#0"}
			}
		},
		{
			"from": [3, 16, 8],
			"to": [4, 19, 8],
			"shade": false,
			"rotation": {"angle": -45, "axis": "y", "origin": [8, 8, 8], "rescale": true},
			"faces": {
				"north": {"uv": [3, 13, 4, 16], "texture": "#0"},
				"east": {"uv": [3, 13, 4, 16], "texture": "#0"},
				"south": {"uv": [3, 13, 4, 16], "texture": "#0"},
				"west": {"uv": [3, 13, 4, 16], "texture": "#0"},
				"up": {"uv": [3, 13, 4, 16], "texture": "#0"},
				"down": {"uv": [3, 13, 4, 16], "texture": "#0"}
			}
		},
		{
			"from": [3, 21, 8],
			"to": [4, 28, 8],
			"shade": false,
			"rotation": {"angle": -45, "axis": "y", "origin": [8, 8, 8], "rescale": true},
			"faces": {
				"north": {"uv": [3, 4, 4, 11], "texture": "#0"},
				"east": {"uv": [3, 4, 4, 11], "texture": "#0"},
				"south": {"uv": [3, 4, 4, 11], "texture": "#0"},
				"west": {"uv": [3, 4, 4, 11], "texture": "#0"},
				"up": {"uv": [3, 4, 4, 11], "texture": "#0"},
				"down": {"uv": [3, 4, 4, 11], "texture": "#0"}
			}
		},
		{
			"from": [1, 19, 8],
			"to": [2, 26, 8],
			"shade": false,
			"rotation": {"angle": -45, "axis": "y", "origin": [8, 8, 8], "rescale": true},
			"faces": {
				"north": {"uv": [1, 6, 2, 13], "texture": "#0"},
				"east": {"uv": [1, 6, 2, 13], "texture": "#0"},
				"south": {"uv": [1, 6, 2, 13], "texture": "#0"},
				"west": {"uv": [1, 6, 2, 13], "texture": "#0"},
				"up": {"uv": [1, 6, 2, 13], "texture": "#0"},
				"down": {"uv": [1, 6, 2, 13], "texture": "#0"}
			}
		},
		{
			"from": [1, 16, 8],
			"to": [2, 17, 8],
			"shade": false,
			"rotation": {"angle": -45, "axis": "y", "origin": [8, 8, 8], "rescale": true},
			"faces": {
				"north": {"uv": [1, 15, 2, 16], "texture": "#0"},
				"east": {"uv": [1, 15, 2, 16], "texture": "#0"},
				"south": {"uv": [1, 15, 2, 16], "texture": "#0"},
				"west": {"uv": [1, 15, 2, 16], "texture": "#0"},
				"up": {"uv": [1, 15, 2, 16], "texture": "#0"},
				"down": {"uv": [1, 15, 2, 16], "texture": "#0"}
			}
		},
		{
			"from": [5, 16, 8],
			"to": [6, 22, 8],
			"shade": false,
			"rotation": {"angle": -45, "axis": "y", "origin": [8, 8, 8], "rescale": true},
			"faces": {
				"north": {"uv": [5, 10, 6, 16], "texture": "#0"},
				"east": {"uv": [5, 10, 6, 16], "texture": "#0"},
				"south": {"uv": [5, 10, 6, 16], "texture": "#0"},
				"west": {"uv": [5, 10, 6, 16], "texture": "#0"},
				"up": {"uv": [5, 10, 6, 16], "texture": "#0"},
				"down": {"uv": [5, 10, 6, 16], "texture": "#0"}
			}
		},
		{
			"from": [5, 24, 8],
			"to": [6, 29, 8],
			"shade": false,
			"rotation": {"angle": -45, "axis": "y", "origin": [8, 8, 8], "rescale": true},
			"faces": {
				"north": {"uv": [5, 3, 6, 8], "texture": "#0"},
				"east": {"uv": [5, 3, 6, 8], "texture": "#0"},
				"south": {"uv": [5, 3, 6, 8], "texture": "#0"},
				"west": {"uv": [5, 3, 6, 8], "texture": "#0"},
				"up": {"uv": [5, 3, 6, 8], "texture": "#0"},
				"down": {"uv": [5, 3, 6, 8], "texture": "#0"}
			}
		},
		{
			"from": [4, 19, 8],
			"to": [5, 24, 8],
			"shade": false,
			"rotation": {"angle": -45, "axis": "y", "origin": [8, 8, 8], "rescale": true},
			"faces": {
				"north": {"uv": [4, 8, 5, 13], "texture": "#0"},
				"east": {"uv": [4, 8, 5, 13], "texture": "#0"},
				"south": {"uv": [4, 8, 5, 13], "texture": "#0"},
				"west": {"uv": [4, 8, 5, 13], "texture": "#0"},
				"up": {"uv": [4, 8, 5, 13], "texture": "#0"},
				"down": {"uv": [4, 8, 5, 13], "texture": "#0"}
			}
		},
		{
			"from": [2, 16, 8],
			"to": [3, 21, 8],
			"shade": false,
			"rotation": {"angle": -45, "axis": "y", "origin": [8, 8, 8], "rescale": true},
			"faces": {
				"north": {"uv": [2, 11, 3, 16], "texture": "#0"},
				"east": {"uv": [2, 11, 3, 16], "texture": "#0"},
				"south": {"uv": [2, 11, 3, 16], "texture": "#0"},
				"west": {"uv": [2, 11, 3, 16], "texture": "#0"},
				"up": {"uv": [2, 11, 3, 16], "texture": "#0"},
				"down": {"uv": [2, 11, 3, 16], "texture": "#0"}
			}
		},
		{
			"from": [6, 22, 8],
			"to": [7, 27, 8],
			"shade": false,
			"rotation": {"angle": -45, "axis": "y", "origin": [8, 8, 8], "rescale": true},
			"faces": {
				"north": {"uv": [6, 5, 7, 10], "texture": "#0"},
				"east": {"uv": [6, 5, 7, 10], "texture": "#0"},
				"south": {"uv": [6, 5, 7, 10], "texture": "#0"},
				"west": {"uv": [6, 5, 7, 10], "texture": "#0"},
				"up": {"uv": [6, 5, 7, 10], "texture": "#0"},
				"down": {"uv": [6, 5, 7, 10], "texture": "#0"}
			}
		},
		{
			"from": [7, 22, 8],
			"to": [8, 24, 8],
			"shade": false,
			"rotation": {"angle": -45, "axis": "y", "origin": [8, 8, 8], "rescale": true},
			"faces": {
				"north": {"uv": [7, 8, 8, 10], "texture": "#0"},
				"east": {"uv": [7, 8, 8, 10], "texture": "#0"},
				"south": {"uv": [7, 8, 8, 10], "texture": "#0"},
				"west": {"uv": [7, 8, 8, 10], "texture": "#0"},
				"up": {"uv": [7, 8, 8, 10], "texture": "#0"},
				"down": {"uv": [7, 8, 8, 10], "texture": "#0"}
			}
		},
		{
			"from": [0, 21, 8],
			"to": [1, 23, 8],
			"shade": false,
			"rotation": {"angle": -45, "axis": "y", "origin": [8, 8, 8], "rescale": true},
			"faces": {
				"north": {"uv": [0, 9, 1, 11], "texture": "#0"},
				"east": {"uv": [0, 9, 1, 11], "texture": "#0"},
				"south": {"uv": [0, 9, 1, 11], "texture": "#0"},
				"west": {"uv": [0, 9, 1, 11], "texture": "#0"},
				"up": {"uv": [0, 9, 1, 11], "texture": "#0"},
				"down": {"uv": [0, 9, 1, 11], "texture": "#0"}
			}
		},
		{
			"from": [9, 16, 8],
			"to": [10, 17, 8],
			"shade": false,
			"rotation": {"angle": -45, "axis": "y", "origin": [8, 8, 8], "rescale": true},
			"faces": {
				"north": {"uv": [9, 15, 10, 16], "texture": "#0"},
				"east": {"uv": [9, 15, 10, 16], "texture": "#0"},
				"south": {"uv": [9, 15, 10, 16], "texture": "#0"},
				"west": {"uv": [9, 15, 10, 16], "texture": "#0"},
				"up": {"uv": [9, 15, 10, 16], "texture": "#0"},
				"down": {"uv": [9, 15, 10, 16], "texture": "#0"}
			}
		},
		{
			"from": [11, 24, 8],
			"to": [12, 27, 8],
			"shade": false,
			"rotation": {"angle": -45, "axis": "y", "origin": [8, 8, 8], "rescale": true},
			"faces": {
				"north": {"uv": [11, 5, 12, 8], "texture": "#0"},
				"east": {"uv": [11, 5, 12, 8], "texture": "#0"},
				"south": {"uv": [11, 5, 12, 8], "texture": "#0"},
				"west": {"uv": [11, 5, 12, 8], "texture": "#0"},
				"up": {"uv": [11, 5, 12, 8], "texture": "#0"},
				"down": {"uv": [11, 5, 12, 8], "texture": "#0"}
			}
		},
		{
			"from": [0, 0, 0],
			"to": [16, 16, 16],
			"faces": {
				"north": {"uv": [0, 0, 16, 16], "texture": "#1"},
				"east": {"uv": [0, 0, 16, 16], "texture": "#1"},
				"south": {"uv": [0, 0, 16, 16], "texture": "#1"},
				"west": {"uv": [0, 0, 16, 16], "texture": "#1"},
				"up": {"uv": [0, 0, 16, 16], "texture": "#1"},
				"down": {"uv": [0, 0, 16, 16], "texture": "#1"}
			}
		}
	],
	"display": {
		"thirdperson_righthand": {
			"scale": [0.3, 0.3, 0.3]
		},
		"thirdperson_lefthand": {
			"scale": [0.3, 0.3, 0.3]
		},
		"firstperson_righthand": {
			"scale": [0.3, 0.3, 0.2]
		},
		"firstperson_lefthand": {
			"scale": [0.3, 0.3, 0.2]
		},
		"ground": {
			"scale": [0.2, 0.2, 0.2]
		},
		"gui": {
			"rotation": [37, -30, 0],
			"translation": [0, -1.5, 0],
			"scale": [0.67, 0.67, 0.68]
		},
		"fixed": {
			"scale": [0.6, 0.6, 0.6]
		}
	},
	"groups": [
		{
			"name": "group",
			"origin": [8, 8, 8],
			"color": 0,
			"shade": false,
			"children": [0, 1, 2, 3, 4, 5, 6, 7, 8, 9, 10, 11, 12, 13, 14, 15, 16, 17, 18, 19, 20, 21, 22, 23]
		},
		{
			"name": "group",
			"origin": [8, 8, 8],
			"color": 0,
			"shade": false,
			"children": [24, 25, 26, 27, 28, 29, 30, 31, 32, 33, 34, 35, 36, 37, 38, 39, 40, 41, 42, 43, 44, 45, 46, 47]
		},
		48
	]
}