{
	"format_version": "1.21.6",
	"credit": "Made with Blockbench",
	"textures": {
		"0": "block/bee_nest_bottom",
		"2": "block/bee_nest_front_honey",
		"3": "block/bee_nest_side",
		"4": "block/bee_nest_top",
		"particle": "block/bee_nest_bottom"
	},
	"elements": [
		{
			"from": [0, 0, 0],
			"to": [16, 16, 16],
			"faces": {
				"north": {"uv": [0, 0, 16, 16], "texture": "#3"},
				"east": {"uv": [0, 0, 16, 16], "texture": "#3"},
				"south": {"uv": [0, 0, 16, 16], "texture": "#3"},
				"west": {"uv": [0, 0, 16, 16], "texture": "#3"},
				"up": {"uv": [0, 0, 16, 16], "texture": "#4"},
				"down": {"uv": [0, 0, 16, 16], "texture": "#0"}
			}
		},
		{
			"from": [2, 2, -3],
			"to": [14, 14, 0],
			"rotation": {"angle": 0, "axis": "y", "origin": [2, 2, -3]},
			"faces": {
				"north": {"uv": [1, 3, 15, 16], "texture": "#2"},
				"east": {"uv": [1, 3, 4, 16], "texture": "#3"},
				"south": {"uv": [0, 0, 12, 12], "texture": "#missing"},
				"west": {"uv": [1, 3, 4, 16], "texture": "#3"},
				"up": {"uv": [2, 1, 14, 4], "texture": "#3"},
				"down": {"uv": [3, 16, 15, 13], "texture": "#3"}
			}
		}
	],
	"display": {
		"thirdperson_righthand": {
			"scale": [0.3, 0.3, 0.3]
		},
		"thirdperson_lefthand": {
			"scale": [0.3, 0.3, 0.3]
		},
		"firstperson_righthand": {
			"rotation": [0, -41, 0],
			"translation": [1, 0.25, 0],
			"scale": [0.53, 0.32, 0.44]
		},
		"firstperson_lefthand": {
			"rotation": [0, -41, 0],
			"translation": [1, 0.25, 0],
			"scale": [0.53, 0.32, 0.44]
		},
		"ground": {
			"translation": [0, 0.25, 0],
			"scale": [0.25, 0.25, 0.25]
		},
		"gui": {
			"rotation": [30, -45, 0],
			"scale": [0.65, 0.65, 0.65]
		},
		"fixed": {
			"scale": [0.6, 0.6, 0.6]
		}
	}
}