{
	"credit": "Made with Blockbench",
	"textures": {
		"0": "block/beetroots",
		"particle": "block/beetroots_stage2"
	},
	"elements": [
		{
			"from": [11.48744, 4, -0.44454],
			"to": [11.48744, 12, 9.55546],
			"shade": false,
			"rotation": {"angle": -22.5, "axis": "y", "origin": [11.5, 4.75, 4.51777]},
			"faces": {
				"north": {"uv": [0, 0, 0, 8], "texture": "#missing"},
				"east": {"uv": [0.5, 0, 5.5, 4.5], "texture": "#0"},
				"south": {"uv": [0, 0, 0, 8], "texture": "#missing"},
				"west": {"uv": [0.5, 0, 5.5, 4.5], "texture": "#0"},
				"up": {"uv": [0, 0, 0, 10], "texture": "#missing"},
				"down": {"uv": [0, 0, 0, 10], "texture": "#missing"}
			}
		},
		{
			"from": [6.53769, 4, 4.5052],
			"to": [16.53769, 12, 4.5052],
			"shade": false,
			"rotation": {"angle": -22.5, "axis": "y", "origin": [11.5, 4.75, 4.51777]},
			"faces": {
				"north": {"uv": [0.5, 0, 5.5, 4.5], "texture": "#0"},
				"east": {"uv": [0, 0, 0, 8], "texture": "#missing"},
				"south": {"uv": [0.5, 0, 5.5, 4.5], "texture": "#0"},
				"west": {"uv": [0, 0, 0, 8], "texture": "#missing"},
				"up": {"uv": [0, 0, 0, 10], "rotation": 270, "texture": "#missing"},
				"down": {"uv": [0, 0, 0, 10], "rotation": 90, "texture": "#missing"}
			}
		},
		{
			"from": [8.5, -1, 1.5],
			"to": [14.5, 4, 7.5],
			"rotation": {"angle": 22.5, "axis": "y", "origin": [11.5, 4.75, 4.51777]},
			"faces": {
				"north": {"uv": [12, 2.5, 15, 5], "texture": "#0"},
				"east": {"uv": [12, 2.5, 15, 5], "texture": "#0"},
				"south": {"uv": [12, 2.5, 15, 5], "texture": "#0"},
				"west": {"uv": [12, 2.5, 15, 5], "texture": "#0"},
				"up": {"uv": [12, 5.5, 15, 8.5], "texture": "#0"},
				"down": {"uv": [12, 5.5, 15, 8.5], "texture": "#0"}
			}
		},
		{
			"from": [0.46231, 4, 11.5052],
			"to": [10.46231, 12, 11.5052],
			"shade": false,
			"rotation": {"angle": 22.5, "axis": "y", "origin": [5.5, 4.75, 11.51777]},
			"faces": {
				"north": {"uv": [0.5, 0, 5.5, 4.5], "texture": "#0"},
				"east": {"uv": [0, 0, 0, 8], "texture": "#missing"},
				"south": {"uv": [0.5, 0, 5.5, 4.5], "texture": "#0"},
				"west": {"uv": [0, 0, 0, 8], "texture": "#missing"},
				"up": {"uv": [0, 0, 0, 10], "rotation": 90, "texture": "#missing"},
				"down": {"uv": [0, 0, 0, 10], "rotation": 270, "texture": "#missing"}
			}
		},
		{
			"from": [5.51256, 4, 6.55546],
			"to": [5.51256, 12, 16.55546],
			"shade": false,
			"rotation": {"angle": 22.5, "axis": "y", "origin": [5.5, 4.75, 11.51777]},
			"faces": {
				"north": {"uv": [0, 0, 0, 8], "texture": "#missing"},
				"east": {"uv": [0.5, 0, 5.5, 4.5], "texture": "#0"},
				"south": {"uv": [0, 0, 0, 8], "texture": "#missing"},
				"west": {"uv": [0.5, 0, 5.5, 4.5], "texture": "#0"},
				"up": {"uv": [0, 0, 0, 10], "texture": "#missing"},
				"down": {"uv": [0, 0, 0, 10], "texture": "#missing"}
			}
		},
		{
			"from": [2.5, -1, 8.5],
			"to": [8.5, 4, 14.5],
			"rotation": {"angle": -22.5, "axis": "y", "origin": [5.5, 4.75, 11.51777]},
			"faces": {
				"north": {"uv": [12, 2.5, 15, 5], "texture": "#0"},
				"east": {"uv": [12, 2.5, 15, 5], "texture": "#0"},
				"south": {"uv": [12, 2.5, 15, 5], "texture": "#0"},
				"west": {"uv": [12, 2.5, 15, 5], "texture": "#0"},
				"up": {"uv": [12, 5.5, 15, 8.5], "texture": "#0"},
				"down": {"uv": [12, 5.5, 15, 8.5], "texture": "#0"}
			}
		}
	],
	"groups": [
		{
			"name": "group",
			"origin": [4, 0, 0],
			"color": 0,
			"shade": false,
			"children": [0, 1, 2]
		},
		{
			"name": "group",
			"origin": [4, 0, 0],
			"color": 0,
			"shade": false,
			"children": [3, 4, 5]
		}
	]
}