{
	"format_version": "1.21.6",
	"credit": "Made with Blockbench",
	"ambientocclusion": false,
	"textures": {
		"0": "block/tulips",
		"particle": "block/orange_tulip"
	},
	"elements": [
		{
			"from": [5.8, 0, 3],
			"to": [10.2, 8, 3],
			"shade": false,
			"rotation": {"angle": 45, "axis": "y", "origin": [13, 8, 3], "rescale": true},
			"faces": {
				"north": {"uv": [0, 8, 5, 16], "texture": "#0"},
				"south": {"uv": [0, 8, 5, 16], "texture": "#0"}
			}
		},
		{
			"from": [13, 0, 5.8],
			"to": [13, 8, 10.2],
			"shade": false,
			"rotation": {"angle": 45, "axis": "y", "origin": [13, 8, 13], "rescale": true},
			"faces": {
				"east": {"uv": [0, 8, 5, 16], "texture": "#0"},
				"west": {"uv": [0, 8, 5, 16], "texture": "#0"}
			}
		},
		{
			"from": [6.2, 8.001, 9.7],
			"to": [9.6, 12.001, 9.7],
			"shade": false,
			"rotation": {"angle": 0, "axis": "y", "origin": [6.2, 8.001, 9.7]},
			"faces": {
				"north": {"uv": [3, 0, 6, 4], "texture": "#0"},
				"east": {"uv": [0, 0, 2, 2], "texture": "#missing"},
				"south": {"uv": [3, 0, 6, 4], "texture": "#0"},
				"west": {"uv": [0, 0, 2, 2], "texture": "#missing"},
				"up": {"uv": [0, 0, 2, 2], "texture": "#missing"},
				"down": {"uv": [0, 0, 2, 2], "texture": "#missing"}
			}
		},
		{
			"from": [6.2, 8.001, 6.3],
			"to": [6.2, 12.001, 9.7],
			"shade": false,
			"rotation": {"angle": 0, "axis": "y", "origin": [6.2, 8.001, 9.7]},
			"faces": {
				"north": {"uv": [0, 0, 2, 2], "texture": "#missing"},
				"east": {"uv": [3, 0, 6, 4], "texture": "#0"},
				"south": {"uv": [0, 0, 2, 2], "texture": "#missing"},
				"west": {"uv": [3, 0, 6, 4], "texture": "#0"},
				"up": {"uv": [0, 0, 2, 2], "rotation": 270, "texture": "#missing"},
				"down": {"uv": [0, 0, 2, 2], "rotation": 90, "texture": "#missing"}
			}
		},
		{
			"from": [9.6, 8.001, 6.3],
			"to": [9.6, 12.001, 9.7],
			"shade": false,
			"rotation": {"angle": 0, "axis": "y", "origin": [8, 8.001, 9.7]},
			"faces": {
				"north": {"uv": [0, 0, 2, 2], "texture": "#missing"},
				"east": {"uv": [3, 0, 6, 4], "texture": "#0"},
				"south": {"uv": [0, 0, 2, 2], "texture": "#missing"},
				"west": {"uv": [3, 0, 6, 4], "texture": "#0"},
				"up": {"uv": [0, 0, 2, 2], "rotation": 270, "texture": "#missing"},
				"down": {"uv": [0, 0, 2, 2], "rotation": 90, "texture": "#missing"}
			}
		},
		{
			"from": [6.2, 8.001, 6.3],
			"to": [9.6, 12.001, 6.3],
			"shade": false,
			"rotation": {"angle": 0, "axis": "y", "origin": [6.2, 8.001, 6.3]},
			"faces": {
				"north": {"uv": [3, 0, 6, 4], "texture": "#0"},
				"east": {"uv": [0, 0, 2, 2], "texture": "#missing"},
				"south": {"uv": [3, 0, 6, 4], "texture": "#0"},
				"west": {"uv": [0, 0, 2, 2], "texture": "#missing"},
				"up": {"uv": [0, 0, 2, 2], "texture": "#missing"},
				"down": {"uv": [0, 0, 2, 2], "texture": "#missing"}
			}
		},
		{
			"from": [6.2, 8, 6.3],
			"to": [9.6, 8, 9.7],
			"shade": false,
			"rotation": {"angle": 0, "axis": "y", "origin": [6, 8, 7]},
			"faces": {
				"north": {"uv": [0, 0, 2, 2], "texture": "#missing"},
				"east": {"uv": [0, 0, 2, 2], "texture": "#missing"},
				"south": {"uv": [0, 0, 2, 2], "texture": "#missing"},
				"west": {"uv": [0, 0, 2, 2], "texture": "#missing"},
				"up": {"uv": [3, 5, 6, 8], "texture": "#0"},
				"down": {"uv": [3, 5, 6, 8], "texture": "#0"}
			}
		}
	]
}