{
	"format_version": "1.21.6",
	"credit": "Made with Blockbench",
	"textures": {
		"0": "block/packed_ice",
		"particle": "block/packed_ice"
	},
	"elements": [
		{
			"from": [0, 0, 0],
			"to": [16, 16, 16],
			"faces": {
				"north": {"uv": [0, 0, 16, 16], "texture": "#0"},
				"east": {"uv": [0, 0, 16, 16], "texture": "#0"},
				"south": {"uv": [0, 0, 16, 16], "texture": "#0"},
				"west": {"uv": [0, 0, 16, 16], "texture": "#0"},
				"up": {"uv": [0, 0, 16, 16], "texture": "#0"},
				"down": {"uv": [0, 0, 16, 16], "texture": "#0"}
			}
		},
		{
			"from": [3, 16, 3],
			"to": [13, 23, 13],
			"rotation": {"angle": 0, "axis": "y", "origin": [3, 16, 3]},
			"faces": {
				"north": {"uv": [0, 9, 10, 16], "texture": "#0", "cullface": "up"},
				"east": {"uv": [0, 0, 10, 7], "texture": "#0", "cullface": "up"},
				"south": {"uv": [6, 9, 16, 16], "texture": "#0", "cullface": "up"},
				"west": {"uv": [6, 0, 16, 7], "texture": "#0", "cullface": "up"},
				"up": {"uv": [3, 3, 13, 13], "texture": "#0", "cullface": "up"},
				"down": {"uv": [0, 0, 6, 6], "texture": "#missing", "cullface": "up"}
			}
		}
	]
}