{
	"credit": "Made with Blockbench",
	"ambientocclusion": false,
	"textures": {
		"1": "block/pink_petals",
		"2": "block/wildflowers_stem_extra",
		"particle": "block/pink_petals"
	},
	"elements": [
		{
			"from": [0, 7, 8],
			"to": [8, 7, 16],
			"rotation": {"angle": 0, "axis": "y", "origin": [0, 6, 0]},
			"faces": {
				"up": {"uv": [0, 8, 8, 16], "texture": "#1"},
				"down": {"uv": [0, 16, 8, 8], "texture": "#1"}
			}
		},
		{
			"from": [10.15, 0, 5.25],
			"to": [11.15, 7, 5.25],
			"rotation": {"angle": -45, "axis": "y", "origin": [0, 0, 1]},
			"faces": {
				"north": {"uv": [2, 0, 3, 7], "texture": "#2", "tintindex": 1},
				"south": {"uv": [2, 0, 3, 7], "texture": "#2", "tintindex": 1}
			}
		},
		{
			"from": [10.65, 0, 4.75],
			"to": [10.65, 7, 5.75],
			"rotation": {"angle": -45, "axis": "y", "origin": [0, 0, 1]},
			"faces": {
				"east": {"uv": [2, 0, 3, 7], "texture": "#2", "tintindex": 1},
				"west": {"uv": [2, 0, 3, 7], "texture": "#2", "tintindex": 1}
			}
		}
	]
}