{
	"credit": "Made with Blockbench",
	"ambientocclusion": false,
	"textures": {
		"0": "block/pink_petals",
		"1": "block/wildflowers_stem_extra",
		"particle": "block/pink_petals"
	},
	"elements": [
		{
			"from": [3, 9.99, 0],
			"to": [6, 9.99, 3],
			"rotation": {"angle": 0, "axis": "y", "origin": [3, 7, 0]},
			"faces": {
				"up": {"uv": [5, 5, 8, 8], "texture": "#0"},
				"down": {"uv": [5, 8, 8, 5], "texture": "#0"}
			}
		},
		{
			"from": [0, 6.99, 4],
			"to": [3, 6.99, 7],
			"rotation": {"angle": 0, "axis": "y", "origin": [0, 4, 4]},
			"faces": {
				"up": {"uv": [3, 0, 6, 3], "texture": "#0"},
				"down": {"uv": [5, 8, 8, 5], "texture": "#0"}
			}
		},
		{
			"from": [5, 2.99, 5],
			"to": [8, 2.99, 8],
			"rotation": {"angle": 0, "axis": "y", "origin": [5, 0, 5]},
			"faces": {
				"up": {"uv": [0, 4, 3, 7], "texture": "#0"},
				"down": {"uv": [5, 8, 8, 5], "texture": "#0"}
			}
		},
		{
			"from": [4.25, 0, -2.6],
			"to": [4.25, 10, -1.6],
			"rotation": {"angle": -45, "axis": "y", "origin": [0, 0, 0]},
			"faces": {
				"east": {"uv": [4, 0, 5, 10], "texture": "#1", "tintindex": 1},
				"west": {"uv": [4, 0, 5, 10], "texture": "#1", "tintindex": 1}
			}
		},
		{
			"from": [3.75, 0, -2.1],
			"to": [4.75, 10, -2.1],
			"rotation": {"angle": -45, "axis": "y", "origin": [0, 0, 0]},
			"faces": {
				"north": {"uv": [4, 0, 5, 10], "texture": "#1", "tintindex": 1},
				"south": {"uv": [4, 0, 5, 10], "texture": "#1", "tintindex": 1}
			}
		},
		{
			"from": [4.9, 0, 2.3],
			"to": [4.9, 7, 3.3],
			"rotation": {"angle": -45, "axis": "y", "origin": [0, 0, 0]},
			"faces": {
				"east": {"uv": [2, 0, 3, 7], "texture": "#1", "tintindex": 1},
				"west": {"uv": [2, 0, 3, 7], "texture": "#1", "tintindex": 1}
			}
		},
		{
			"from": [4.4, 0, 2.8],
			"to": [5.4, 7, 2.8],
			"rotation": {"angle": -45, "axis": "y", "origin": [0, 0, 0]},
			"faces": {
				"north": {"uv": [2, 0, 3, 7], "texture": "#1", "tintindex": 1},
				"south": {"uv": [2, 0, 3, 7], "texture": "#1", "tintindex": 1}
			}
		},
		{
			"from": [9.15, 0, -0.45],
			"to": [9.15, 2.99, 0.55],
			"rotation": {"angle": -45, "axis": "y", "origin": [0, 0, 0]},
			"faces": {
				"east": {"uv": [0, 0, 1, 3], "texture": "#1", "tintindex": 1},
				"west": {"uv": [0, 0, 1, 3], "texture": "#1", "tintindex": 1}
			}
		},
		{
			"from": [8.65, 0, 0.05],
			"to": [9.65, 2.99, 0.05],
			"rotation": {"angle": -45, "axis": "y", "origin": [0, 0, 0]},
			"faces": {
				"north": {"uv": [0, 0, 1, 3], "texture": "#1", "tintindex": 1},
				"south": {"uv": [0, 0, 1, 3], "texture": "#1", "tintindex": 1}
			}
		}
	]
}