{
	"credit": "Made with Blockbench",
	"ambientocclusion": false,
	"texture_size": [32, 32],
	"textures": {
		"0": "block/stone",
		"1": "block/stone_rock0",
		"particle": "block/stone"
	},
	"elements": [
		{
			"from": [0, 0, 0],
			"to": [16, 16, 16],
			"faces": {
				"north": {"uv": [0, 0, 16, 16], "texture": "#0", "cullface": "north"},
				"east": {"uv": [0, 0, 16, 16], "texture": "#0", "cullface": "east"},
				"south": {"uv": [0, 0, 16, 16], "texture": "#0", "cullface": "south"},
				"west": {"uv": [0, 0, 16, 16], "texture": "#0", "cullface": "west"},
				"up": {"uv": [0, 0, 16, 16], "texture": "#0", "cullface": "up"},
				"down": {"uv": [0, 0, 16, 16], "texture": "#0", "cullface": "down"}
			}
		},
		{
			"from": [2, 16, 2],
			"to": [14, 24, 14],
			"rotation": {"angle": 0, "axis": "y", "origin": [2, 16, 2]},
			"faces": {
				"north": {"uv": [0, 6.5, 6, 10.5], "texture": "#1", "cullface": "up"},
				"east": {"uv": [0, 6.5, 6, 10.5], "texture": "#1", "cullface": "up"},
				"south": {"uv": [0, 6.5, 6, 10.5], "texture": "#1", "cullface": "up"},
				"west": {"uv": [0, 6.5, 6, 10.5], "texture": "#1", "cullface": "up"},
				"up": {"uv": [0, 0, 6, 6], "texture": "#1", "cullface": "up"},
				"down": {"uv": [0, 0, 6, 6], "texture": "#1", "cullface": "up"}
			}
		}
	]
}