{
	"format_version": "1.21.6",
	"credit": "Made with Blockbench",
	"ambientocclusion": false,
	"textures": {
		"0": "block/tulips",
		"particle": "block/white_tulip"
	},
	"elements": [
		{
			"from": [2.8, 0, 6],
			"to": [7.2, 8, 6],
			"shade": false,
			"rotation": {"angle": 45, "axis": "y", "origin": [10, 8, 6], "rescale": true},
			"faces": {
				"north": {"uv": [0, 8, 5, 16], "texture": "#0"},
				"south": {"uv": [0, 8, 5, 16], "texture": "#0"}
			}
		},
		{
			"from": [10, 0, 8.8],
			"to": [10, 8, 13.2],
			"shade": false,
			"rotation": {"angle": 45, "axis": "y", "origin": [10, 8, 16], "rescale": true},
			"faces": {
				"east": {"uv": [0, 8, 5, 16], "texture": "#0"},
				"west": {"uv": [0, 8, 5, 16], "texture": "#0"}
			}
		},
		{
			"from": [3.2, 8.001, 12.7],
			"to": [6.6, 12.001, 12.7],
			"shade": false,
			"rotation": {"angle": 0, "axis": "y", "origin": [3.2, 8.001, 12.7]},
			"faces": {
				"north": {"uv": [12, 8, 15, 12], "texture": "#0"},
				"east": {"uv": [0, 0, 2, 2], "texture": "#missing"},
				"south": {"uv": [12, 8, 15, 12], "texture": "#0"},
				"west": {"uv": [0, 0, 2, 2], "texture": "#missing"},
				"up": {"uv": [0, 0, 2, 2], "texture": "#missing"},
				"down": {"uv": [0, 0, 2, 2], "texture": "#missing"}
			}
		},
		{
			"from": [3.2, 8, 9.3],
			"to": [6.6, 8, 12.7],
			"shade": false,
			"rotation": {"angle": 0, "axis": "y", "origin": [3, 8, 10]},
			"faces": {
				"north": {"uv": [0, 0, 2, 2], "texture": "#missing"},
				"east": {"uv": [0, 0, 2, 2], "texture": "#missing"},
				"south": {"uv": [0, 0, 2, 2], "texture": "#missing"},
				"west": {"uv": [0, 0, 2, 2], "texture": "#missing"},
				"up": {"uv": [12, 13, 15, 16], "texture": "#0"},
				"down": {"uv": [12, 13, 15, 16], "texture": "#0"}
			}
		},
		{
			"from": [3.2, 8.001, 9.3],
			"to": [6.6, 12.001, 9.3],
			"shade": false,
			"rotation": {"angle": 0, "axis": "y", "origin": [3.2, 8.001, 9.3]},
			"faces": {
				"north": {"uv": [12, 8, 15, 12], "texture": "#0"},
				"east": {"uv": [0, 0, 2, 2], "texture": "#missing"},
				"south": {"uv": [12, 8, 15, 12], "texture": "#0"},
				"west": {"uv": [0, 0, 2, 2], "texture": "#missing"},
				"up": {"uv": [0, 0, 2, 2], "texture": "#missing"},
				"down": {"uv": [0, 0, 2, 2], "texture": "#missing"}
			}
		},
		{
			"from": [3.2, 8.001, 9.3],
			"to": [3.2, 12.001, 12.7],
			"shade": false,
			"rotation": {"angle": 0, "axis": "y", "origin": [3.2, 8.001, 12.7]},
			"faces": {
				"north": {"uv": [0, 0, 2, 2], "texture": "#missing"},
				"east": {"uv": [12, 8, 15, 12], "texture": "#0"},
				"south": {"uv": [0, 0, 2, 2], "texture": "#missing"},
				"west": {"uv": [12, 8, 15, 12], "texture": "#0"},
				"up": {"uv": [0, 0, 2, 2], "rotation": 270, "texture": "#missing"},
				"down": {"uv": [0, 0, 2, 2], "rotation": 90, "texture": "#missing"}
			}
		},
		{
			"from": [6.6, 8.001, 9.3],
			"to": [6.6, 12.001, 12.7],
			"shade": false,
			"rotation": {"angle": 0, "axis": "y", "origin": [5, 8.001, 12.7]},
			"faces": {
				"north": {"uv": [0, 0, 2, 2], "texture": "#missing"},
				"east": {"uv": [12, 8, 15, 12], "texture": "#0"},
				"south": {"uv": [0, 0, 2, 2], "texture": "#missing"},
				"west": {"uv": [12, 8, 15, 12], "texture": "#0"},
				"up": {"uv": [0, 0, 2, 2], "rotation": 270, "texture": "#missing"},
				"down": {"uv": [0, 0, 2, 2], "rotation": 90, "texture": "#missing"}
			}
		},
		{
			"from": [8.8, 0, -1],
			"to": [13.2, 8, -1],
			"shade": false,
			"rotation": {"angle": 45, "axis": "y", "origin": [16, 8, -1], "rescale": true},
			"faces": {
				"north": {"uv": [0, 8, 5, 16], "texture": "#0"},
				"south": {"uv": [0, 8, 5, 16], "texture": "#0"}
			}
		},
		{
			"from": [16, 0, 1.8],
			"to": [16, 8, 6.2],
			"shade": false,
			"rotation": {"angle": 45, "axis": "y", "origin": [16, 8, 9], "rescale": true},
			"faces": {
				"east": {"uv": [0, 8, 5, 16], "texture": "#0"},
				"west": {"uv": [0, 8, 5, 16], "texture": "#0"}
			}
		},
		{
			"from": [9.2, 8.001, 5.7],
			"to": [12.6, 12.001, 5.7],
			"shade": false,
			"rotation": {"angle": 0, "axis": "y", "origin": [9.2, 8.001, 5.7]},
			"faces": {
				"north": {"uv": [12, 8, 15, 12], "texture": "#0"},
				"east": {"uv": [0, 0, 2, 2], "texture": "#missing"},
				"south": {"uv": [12, 8, 15, 12], "texture": "#0"},
				"west": {"uv": [0, 0, 2, 2], "texture": "#missing"},
				"up": {"uv": [0, 0, 2, 2], "texture": "#missing"},
				"down": {"uv": [0, 0, 2, 2], "texture": "#missing"}
			}
		},
		{
			"from": [9.2, 8, 2.3],
			"to": [12.6, 8, 5.7],
			"shade": false,
			"rotation": {"angle": 0, "axis": "y", "origin": [9, 8, 3]},
			"faces": {
				"north": {"uv": [0, 0, 2, 2], "texture": "#missing"},
				"east": {"uv": [0, 0, 2, 2], "texture": "#missing"},
				"south": {"uv": [0, 0, 2, 2], "texture": "#missing"},
				"west": {"uv": [0, 0, 2, 2], "texture": "#missing"},
				"up": {"uv": [12, 13, 15, 16], "texture": "#0"},
				"down": {"uv": [12, 13, 15, 16], "texture": "#0"}
			}
		},
		{
			"from": [9.2, 8.001, 2.3],
			"to": [12.6, 12.001, 2.3],
			"shade": false,
			"rotation": {"angle": 0, "axis": "y", "origin": [9.2, 8.001, 2.3]},
			"faces": {
				"north": {"uv": [12, 8, 15, 12], "texture": "#0"},
				"east": {"uv": [0, 0, 2, 2], "texture": "#missing"},
				"south": {"uv": [12, 8, 15, 12], "texture": "#0"},
				"west": {"uv": [0, 0, 2, 2], "texture": "#missing"},
				"up": {"uv": [0, 0, 2, 2], "texture": "#missing"},
				"down": {"uv": [0, 0, 2, 2], "texture": "#missing"}
			}
		},
		{
			"from": [9.2, 8.001, 2.3],
			"to": [9.2, 12.001, 5.7],
			"shade": false,
			"rotation": {"angle": 0, "axis": "y", "origin": [9.2, 8.001, 5.7]},
			"faces": {
				"north": {"uv": [0, 0, 2, 2], "texture": "#missing"},
				"east": {"uv": [12, 8, 15, 12], "texture": "#0"},
				"south": {"uv": [0, 0, 2, 2], "texture": "#missing"},
				"west": {"uv": [12, 8, 15, 12], "texture": "#0"},
				"up": {"uv": [0, 0, 2, 2], "rotation": 270, "texture": "#missing"},
				"down": {"uv": [0, 0, 2, 2], "rotation": 90, "texture": "#missing"}
			}
		},
		{
			"from": [12.6, 8.001, 2.3],
			"to": [12.6, 12.001, 5.7],
			"shade": false,
			"rotation": {"angle": 0, "axis": "y", "origin": [11, 8.001, 5.7]},
			"faces": {
				"north": {"uv": [0, 0, 2, 2], "texture": "#missing"},
				"east": {"uv": [12, 8, 15, 12], "texture": "#0"},
				"south": {"uv": [0, 0, 2, 2], "texture": "#missing"},
				"west": {"uv": [12, 8, 15, 12], "texture": "#0"},
				"up": {"uv": [0, 0, 2, 2], "rotation": 270, "texture": "#missing"},
				"down": {"uv": [0, 0, 2, 2], "rotation": 90, "texture": "#missing"}
			}
		}
	],
	"groups": [
		{
			"name": "group",
			"origin": [8, 8.001, 9.7],
			"color": 0,
			"shade": false,
			"children": [0, 1, 2, 3, 4, 5, 6]
		},
		{
			"name": "group",
			"origin": [8, 8.001, 9.7],
			"color": 0,
			"shade": false,
			"children": [7, 8, 9, 10, 11, 12, 13]
		}
	]
}